<?xml version="1.0" encoding="UTF-8" standalone="yes" ?>
<program>
  <header>
    <applicationBuildName></applicationBuildName>
    <applicationBuildNumber>0</applicationBuildNumber>
    <applicationName>Pocket Code</applicationName>
    <applicationVersion>0.9.28</applicationVersion>
    <catrobatLanguageVersion>0.994</catrobatLanguageVersion>
    <dateTimeUpload></dateTimeUpload>
    <description></description>
    <deviceName>Intex_Aqua_Xtreme_II</deviceName>
    <isCastProject>false</isCastProject>
    <landscapeMode>false</landscapeMode>
    <mediaLicense></mediaLicense>
    <platform>Android</platform>
    <platformVersion>19.0</platformVersion>
    <programLicense></programLicense>
    <programName>compass</programName>
    <remixOf></remixOf>
    <scenesEnabled>true</scenesEnabled>
    <screenHeight>1280</screenHeight>
    <screenMode>STRETCH</screenMode>
    <screenWidth>720</screenWidth>
    <tags></tags>
    <url></url>
    <userHandle></userHandle>
  </header>
  <settings/>
  <scenes>
    <scene>
      <name>Scene 1</name>
      <objectList>
        <object type="SingleSprite" name="Background">
          <lookList>
            <look name="rotoron">
              <fileName>f38742a218626f4cc287c2ead256af0f_rotoron.png</fileName>
            </look>
          </lookList>
          <soundList/>
          <scriptList/>
          <userBricks/>
          <nfcTagList/>
        </object>
        <object type="SingleSprite" name="needle">
          <lookList>
            <look name="look">
              <fileName>128f878ef00fbfb2a114d862d134c7a5_look.png</fileName>
            </look>
          </lookList>
          <soundList/>
          <scriptList>
            <script type="StartScript">
              <brickList>
                <brick type="ForeverBrick">
                  <commentedOut>false</commentedOut>
                </brick>
                <brick type="PointInDirectionBrick">
                  <commentedOut>false</commentedOut>
                  <formulaList>
                    <formula category="DEGREES">
                      <type>SENSOR</type>
                      <value>COMPASS_DIRECTION</value>
                    </formula>
                  </formulaList>
                </brick>
                <brick type="LoopEndlessBrick">
                  <commentedOut>false</commentedOut>
                </brick>
              </brickList>
              <commentedOut>false</commentedOut>
              <isUserScript>false</isUserScript>
            </script>
          </scriptList>
          <userBricks/>
          <nfcTagList/>
        </object>
      </objectList>
      <data>
        <objectListOfList>
          <entry>
            <object reference="../../../../objectList/object[2]"/>
            <list/>
          </entry>
        </objectListOfList>
        <objectVariableList>
          <entry>
            <object reference="../../../../objectList/object[2]"/>
            <list/>
          </entry>
        </objectVariableList>
        <userBrickVariableList/>
      </data>
      <originalWidth>720</originalWidth>
      <originalHeight>1280</originalHeight>
    </scene>
  </scenes>
  <programVariableList/>
  <programListOfLists/>
</program>